{
    "best_fitness_r2": 0.7423064496995676,
    "runtime_sec": 1047.5352659225464,
    "total_evaluations": 114,
    "hyperparameters": {
        "n_layers": 2,
        "neurons": 184,
        "batch_size": 8192,
        "activation": "relu",
        "learning_rate": 0.01301046968151934,
        "dropout": 0.1,
        "l2_reg": 0.00011426751529982436
    },
    "feature_mask": [
        1,
        0,
        0,
        1,
        1,
        1,
        1,
        0,
        1,
        1,
        1,
        1,
        0,
        0,
        1,
        0,
        0,
        1,
        0,
        1,
        1,
        0,
        1,
        0,
        0,
        0,
        1,
        0,
        0,
        0,
        0
    ]
}